PopSocio,total
0,0.1568646045832403
1,0.6154438352471457
2,0.02974050184100004
3,0.19795105832861384
